StudentID,StudentName,CourseID,CourseName,Instructor
4321,Katie Baker,2162,Biology124,Prof. Jones
520,Katie Torres,167,English146,Prof. Smith
6058,Kimberly Taylor,2540,Physics101,Prof. Smith
5061,Kimberly Cook,1009,English146,Prof. Taylor
3052,Kimberly Baker,1558,Biology141,Prof. Wilson
3016,Katie Jackson,671,History145,Prof. Smith
1455,Karen Anderson,834,English164,Prof. Miller
6917,Karen Henderson,466,History169,Prof. Brown
3963,Kyle Harris,4094,Biology111,Prof. Taylor
5041,Kyle Griffin,1978,Math131,Prof. Williams
1726,Karen Morgan,1889,Biology150,Prof. Green
521,Kimberly Cooper,3059,Biology199,Prof. Johnson
3227,Kimberly Henderson,3208,Physics113,Prof. Gray
3033,Katie Mitchell,1976,Physics118,Prof. Taylor
2675,Kieran Cooper,4238,English166,Prof. Brown
6175,Karen Hughes,2320,CS173,Prof. Taylor
168,Katie Sanders,4132,Biology140,Prof. Johnson
3321,Kyle Hughes,2495,Physics195,Prof. Gray
520,Katie Torres,2708,Biology127,Prof. Jones
605,Kimberly Walker,3812,History182,Prof. Gray
740,Karen Carter,3349,CS138,Prof. Smith
4565,Kyle Powell,1377,History120,Prof. Gray
2764,Kieran Martinez,2184,Physics186,Prof. Miller
122,Kimberly Rogers,4179,English170,Prof. Johnson
2436,Karen Ross,1666,Math162,Prof. Williams
2305,Katie Robinson,2223,History138,Prof. Wilson
6672,Karen Johnson,3838,History167,Prof. Davis
1637,Karen Ortiz,1808,CS184,Prof. Williams
147,Kyle Bailey,2336,English133,Prof. Wilson
846,Kieran Reyes,1760,English143,Prof. Jones
1073,Kimberly Taylor,1567,Physics196,Prof. Taylor
1626,Kyle Peterson,2133,Biology104,Prof. Green
5382,Kyle Jones,2091,CS154,Prof. Williams
586,Kimberly White,3973,Biology178,Prof. Williams
527,Kyle Perez,4224,Biology120,Prof. Taylor
2687,Katie Adams,1458,CS168,Prof. Gray
294,Katie Fisher,4063,CS164,Prof. Johnson
4005,Kyle Gray,4491,Math174,Prof. Wilson
6613,Kieran Turner,3901,English139,Prof. Brown
3332,Kyle Torres,3403,Math120,Prof. Smith
2728,Kieran Morgan,1572,History150,Prof. Gray
4270,Katie Williams,4628,Biology124,Prof. Davis
5214,Kimberly Johnson,1574,CS102,Prof. Brown
3052,Kimberly Baker,3039,Physics128,Prof. Wilson
6130,Kieran Bell,324,History189,Prof. Jones
5450,Kieran Rodriguez,169,English111,Prof. Johnson
4270,Katie Williams,905,English178,Prof. Green
6058,Kimberly Taylor,2595,Biology194,Prof. Jones
886,Kyle Russell,2187,CS118,Prof. Williams
3779,Katie Johnson,3213,Physics176,Prof. Williams
3455,Kyle Young,1786,Biology147,Prof. Smith
4699,Kimberly Martin,375,English177,Prof. Miller
5704,Katie Turner,1381,Biology156,Prof. Green
1087,Kieran Rogers,1013,Math120,Prof. Brown
1090,Kimberly Clark,4194,Biology162,Prof. Taylor
5175,Kieran Adams,3872,Physics198,Prof. Jones
6109,Kieran Fisher,2286,Physics117,Prof. Smith
2335,Kyle Robinson,3081,History137,Prof. Taylor
1419,Kyle Long,916,English162,Prof. Brown
5211,Katie White,4180,CS160,Prof. Davis
3567,Kimberly Barnes,4069,English138,Prof. Brown
3439,Katie Cook,2866,CS164,Prof. Miller
630,Kieran Adams,3317,CS142,Prof. Brown
5720,Kyle Evans,2365,English169,Prof. Williams
4196,Kyle Baker,3283,History121,Prof. White
5351,Katie Ward,1632,Biology120,Prof. Davis
6821,Kyle Moore,1332,CS134,Prof. White
1337,Karen Reyes,2108,Biology132,Prof. Smith
4377,Kimberly Parker,4403,Biology173,Prof. Smith
4864,Karen Parker,3862,Math140,Prof. Davis
522,Karen Martin,826,Physics143,Prof. Davis
285,Kyle Reyes,1726,English102,Prof. Miller
648,Kimberly Barnes,414,English132,Prof. Taylor
3212,Kieran Sullivan,3561,English134,Prof. Wilson
6780,Kimberly Jackson,1593,History153,Prof. Miller
6877,Kieran Cook,2846,Physics103,Prof. Brown
5815,Katie Henderson,3674,Math160,Prof. Wilson
5153,Katie Ward,188,Physics141,Prof. Smith
3567,Kimberly Barnes,1592,Physics109,Prof. Wilson
1421,Kimberly Miller,1568,CS135,Prof. Miller
5297,Kieran Kelly,1559,Biology162,Prof. Brown
6672,Karen Johnson,4292,Physics114,Prof. Brown
270,Kyle Brown,2729,History160,Prof. Johnson
1853,Karen Jenkins,4361,Math122,Prof. White
1433,Kyle Morris,4668,Math156,Prof. Smith
285,Kyle Reyes,1792,CS196,Prof. White
4059,Kyle Moore,1397,Math155,Prof. Wilson
586,Kimberly White,1489,English168,Prof. Miller
1993,Kieran Scott,1251,CS158,Prof. Gray
3760,Kyle Ortiz,736,Biology105,Prof. Brown
6529,Katie Bailey,3574,Math189,Prof. Brown
3635,Katie Cruz,166,Biology115,Prof. White
2013,Kieran Lewis,1424,History183,Prof. White
1993,Kieran Scott,739,CS179,Prof. Davis
611,Karen Henderson,4737,Physics104,Prof. Wilson
1853,Karen Jenkins,1294,Biology195,Prof. Williams
1182,Kyle Lewis,4713,History199,Prof. Taylor
2648,Katie Powell,3248,Physics174,Prof. Davis
3767,Katie Foster,3205,Biology121,Prof. Smith
2675,Kieran Cooper,919,Math181,Prof. Williams
6917,Karen Henderson,4672,History185,Prof. Green
3891,Karen Sullivan,902,History173,Prof. White
6780,Kimberly Jackson,1155,CS124,Prof. Wilson
5175,Kieran Adams,562,CS156,Prof. White
6808,Karen Martin,1667,Physics195,Prof. Jones
343,Kyle Baker,4260,English149,Prof. Davis
3894,Karen Turner,4964,History184,Prof. Davis
3126,Karen Garcia,1486,English194,Prof. Davis
4377,Kimberly Parker,1008,Physics132,Prof. Smith
475,Kyle Russell,4380,Math185,Prof. Davis
2675,Kieran Cooper,2846,Physics103,Prof. Brown
1541,Kyle Wilson,2886,English146,Prof. White
5849,Kimberly Thompson,1978,Math131,Prof. Williams
639,Katie Rogers,973,Math138,Prof. Williams
2594,Katie Henderson,2172,Physics106,Prof. Williams
1969,Kyle Hughes,992,Math129,Prof. Davis
3686,Kimberly Coleman,1226,CS191,Prof. Jones
433,Kyle Powell,3772,English136,Prof. Miller
296,Kyle Mitchell,4575,Math127,Prof. Green
5970,Kyle Martinez,760,Biology172,Prof. Gray
6678,Katie Adams,4090,History185,Prof. Williams
3016,Katie Jackson,322,English157,Prof. Johnson
3321,Kyle Hughes,4282,English188,Prof. Johnson
5224,Katie Jones,2947,Physics164,Prof. Jones
3891,Karen Sullivan,4969,Biology102,Prof. Brown
2727,Karen Ward,4415,CS154,Prof. Miller
4059,Kyle Moore,812,English101,Prof. Green
1605,Karen Garcia,3110,Math107,Prof. Wilson
2648,Katie Powell,3546,Math127,Prof. Taylor
3728,Kimberly Nelson,2309,History196,Prof. Gray
6678,Katie Adams,3837,Math106,Prof. Wilson
5969,Kimberly Evans,3412,CS175,Prof. Davis
2204,Kimberly Myers,1779,Biology180,Prof. Williams
5457,Katie Adams,921,English192,Prof. Johnson
6877,Kieran Cook,907,Biology120,Prof. White
4059,Kyle Moore,2317,Biology121,Prof. Gray
1287,Kieran Peterson,984,History170,Prof. Brown
3760,Kyle Ortiz,599,History138,Prof. Gray
6331,Kieran Coleman,647,Physics143,Prof. Brown
5457,Katie Adams,1496,Physics148,Prof. Smith
3983,Karen Scott,749,History158,Prof. Davis
6975,Katie Howard,4117,History119,Prof. Williams
3779,Katie Johnson,4970,CS175,Prof. Smith
5970,Kyle Martinez,292,English195,Prof. Johnson
2298,Kyle Gonzalez,388,History192,Prof. Williams
4334,Kyle Morgan,647,Physics143,Prof. Brown
2135,Karen Smith,3864,English127,Prof. Jones
6314,Katie Lewis,2069,English188,Prof. White
2466,Kimberly Powell,126,History185,Prof. White
3988,Karen Reyes,3503,CS181,Prof. Smith
2648,Katie Powell,2082,English165,Prof. Wilson
1969,Kyle Hughes,2729,History160,Prof. Johnson
6854,Kieran Campbell,4845,History126,Prof. Miller
5849,Kimberly Thompson,579,Math116,Prof. Johnson
3016,Katie Jackson,3536,Biology119,Prof. Gray
3983,Karen Scott,4523,Physics114,Prof. Gray
5450,Kieran Rodriguez,3142,Math168,Prof. Williams
3243,Kimberly Reyes,748,History159,Prof. Gray
2767,Karen Ross,3968,Math136,Prof. Williams
296,Kyle Mitchell,1893,Biology125,Prof. Brown
4368,Kyle Fisher,786,English172,Prof. Brown
648,Kimberly Barnes,4547,English155,Prof. Smith
377,Karen Torres,1865,Math139,Prof. Jones
4377,Kimberly Parker,3395,English164,Prof. Davis
1869,Katie Moore,2666,Math176,Prof. Davis
5451,Katie Cruz,2039,History192,Prof. Green
2680,Kieran Jenkins,1271,Physics135,Prof. White
902,Kimberly Jackson,2489,Physics150,Prof. Wilson
2745,Kyle Taylor,598,History176,Prof. Smith
5873,Kieran Anderson,141,CS112,Prof. Brown
3033,Katie Mitchell,3178,History170,Prof. Green
6678,Katie Adams,4303,English188,Prof. Williams
1365,Katie Reed,2051,CS145,Prof. Taylor
1780,Karen Henderson,142,Physics199,Prof. Johnson
6917,Karen Henderson,2833,English133,Prof. Brown
1313,Kieran Bell,346,English182,Prof. Green
6613,Kieran Turner,277,History162,Prof. Green
1433,Kyle Morris,3218,Biology173,Prof. Williams
5934,Kieran Green,1855,Physics136,Prof. Jones
3212,Kieran Sullivan,2600,Math177,Prof. Taylor
1866,Katie Nelson,2350,Physics105,Prof. White
3214,Katie Russell,1828,Math196,Prof. Gray
6418,Karen Jackson,4521,Biology131,Prof. Johnson
586,Kimberly White,4516,English141,Prof. Gray
825,Karen Reed,303,Math155,Prof. Johnson
122,Kimberly Rogers,2773,History122,Prof. Gray
2745,Kyle Taylor,2115,Physics130,Prof. Gray
1605,Karen Garcia,1887,English149,Prof. Gray
3321,Kyle Hughes,1872,Math140,Prof. White
3912,Katie Evans,2440,English120,Prof. Williams
4462,Karen Hall,4636,Biology122,Prof. Smith
611,Karen Henderson,1922,Physics183,Prof. White
5224,Katie Jones,2915,Biology115,Prof. Johnson
5247,Kyle Baker,184,CS161,Prof. Taylor
4321,Katie Baker,4408,Biology126,Prof. Williams
5435,Katie Long,744,Physics193,Prof. Green
4321,Katie Baker,4973,CS179,Prof. Smith
5458,Karen Cook,3299,CS117,Prof. White
686,Katie Cooper,2400,English195,Prof. White
548,Kieran Cook,4162,CS124,Prof. Smith
648,Kimberly Barnes,783,CS116,Prof. Williams
4645,Kieran Peterson,3195,Math116,Prof. Smith
2668,Kyle Price,4816,Biology193,Prof. Wilson
4864,Karen Parker,1691,Biology155,Prof. Wilson
6175,Karen Hughes,4918,Math179,Prof. Davis
5465,Katie Rogers,2857,Biology163,Prof. Williams
1626,Kyle Peterson,3604,English197,Prof. Green
5901,Kieran Morgan,3168,Physics115,Prof. Davis
3690,Katie Morgan,4669,CS165,Prof. Davis
4645,Kieran Peterson,1404,History148,Prof. Wilson
686,Katie Cooper,1790,History179,Prof. Williams
5247,Kyle Baker,1290,CS196,Prof. Davis
4634,Karen Brown,920,Biology110,Prof. Wilson
110,Karen Powell,4592,CS113,Prof. Johnson
2493,Kimberly Perez,2218,English108,Prof. Wilson
5288,Kimberly Henderson,117,CS127,Prof. Miller
4788,Katie Hall,2891,Physics192,Prof. Miller
3016,Katie Jackson,371,English110,Prof. Taylor
886,Kyle Russell,2203,Math110,Prof. Taylor
1461,Kimberly Reyes,1480,CS138,Prof. Jones
2732,Karen Howard,2654,Math171,Prof. Johnson
3926,Kieran Jenkins,902,History173,Prof. White
5435,Katie Long,4535,CS174,Prof. Johnson
4881,Kimberly Allen,284,Math156,Prof. Davis
3988,Karen Reyes,4699,Math119,Prof. Jones
3348,Kieran Smith,4286,History176,Prof. Johnson
2230,Karen Torres,2669,Physics149,Prof. White
2745,Kyle Taylor,1077,English130,Prof. White
4541,Kimberly Myers,840,CS142,Prof. Smith
846,Kieran Reyes,2843,English192,Prof. Taylor
3686,Kimberly Coleman,3285,Biology135,Prof. Green
5224,Katie Jones,2371,English172,Prof. Miller
3439,Katie Cook,1411,English181,Prof. Wilson
630,Kieran Adams,1835,Math154,Prof. Smith
5458,Karen Cook,1240,Physics198,Prof. White
5351,Katie Ward,226,CS124,Prof. Williams
6603,Kieran Perry,2040,History114,Prof. Jones
2727,Karen Ward,322,English157,Prof. Johnson
4717,Kyle Jenkins,4268,English105,Prof. Johnson
2345,Kimberly Rodriguez,610,Math117,Prof. Wilson
366,Kieran White,486,Biology159,Prof. Green
4864,Karen Parker,407,History131,Prof. Miller
4578,Kyle Perez,1200,English153,Prof. Gray
4321,Katie Baker,3791,Biology130,Prof. Taylor
983,Kieran Thompson,147,English183,Prof. Davis
3894,Karen Turner,706,History117,Prof. Green
648,Kimberly Barnes,1737,English183,Prof. Johnson
122,Kimberly Rogers,3143,CS151,Prof. Smith
2642,Kyle Henderson,3795,History114,Prof. Gray
4334,Kyle Morgan,2023,Math142,Prof. Williams
4353,Katie Perry,4571,History183,Prof. Davis
2815,Kieran Wilson,2028,Biology185,Prof. Smith
5901,Kieran Morgan,4019,Biology158,Prof. Wilson
343,Kyle Baker,2893,History101,Prof. Green
2188,Kimberly Green,3482,Physics150,Prof. Taylor
